"flex","flex href"
"RhymeChain Landing Page Implementation","https://bolt.new/p/39020098"
"Dating App Initial Setup","https://bolt.new/p/38971021"
"Poe Clone with FastAPI Server Bot","https://bolt.new/p/35892284"
"Optimized WP-CLI Interface with Modular Structure","https://bolt.new/p/35708401"
"Configuration initiale du projet SaaS Chatbot","https://bolt.new/p/33551412"
"Poe Clone with FastAPI Server Bot (forked)","https://bolt.new/p/36978758"
"SEO and Technical Optimization Implementation","https://bolt.new/p/38551126"
"Landing Page Implementation","https://bolt.new/p/37344196"
"Enhanced RhymeChain UI with Modern Features","https://bolt.new/p/41504999"
"Set up Expo with shadcn/ui","https://bolt.new/p/41382612"
"Communication Skills Learning Platform","https://bolt.new/p/41372262"
"Set up RhymeChain base application","https://bolt.new/p/41084222"
"Fixie NFT Run Clone Implementation","https://bolt.new/p/41072646"
"Initial Full-Stack Setup","https://bolt.new/p/40879477"
"Database Schema Setup","https://bolt.new/p/39883435"
"React Pong Game","https://bolt.new/p/39874638"
"Build and Deployment Configuration","https://bolt.new/p/37097429"
"Create Aut0-P0st Landing Page","https://bolt.new/p/36584033"
"Set up PBN CMS project structure","https://bolt.new/p/36547221"
"Setting up SoulSync Dating Platform","https://bolt.new/p/35460947"
"WordPress Automation Scripts Setup","https://bolt.new/p/33639274"