"group-hover:bg-gray-150 href","collapsed:left-2","sr-only"
"https://v0.dev/chat/fork-of-rhymechain-landing-XiEIKKviiez","Fork of rhymechain-landi...","Open chat actions"
"https://v0.dev/chat/next-js-web-app-hIAuwcnxUbJ","Next.js web app","Open chat actions"
"https://v0.dev/chat/code-improvement-7f951eBHH0b","Code improvement","Open chat actions"
"https://v0.dev/chat/fork-of-portfolio-FhnfEkAzHfS","Fork of portfolio","Open chat actions"
"https://v0.dev/chat/image-analysis-49knCGZddJ5","Image Analysis","Open chat actions"
"https://v0.dev/chat/code-improvement-W9uyfw30oBs","Code improvement","Open chat actions"
"https://v0.dev/chat/fork-of-project-tracking-dashboard-JDTIQrvw2vC","Fork of project-tracking...","Open chat actions"
"https://v0.dev/chat/seo-and-sea-platform-XsrlyiUNLS4","Seo and sea platform","Open chat actions"
"https://v0.dev/chat/vite-refactor-and-enhancements-cU6a0zBWtSS","Vite refactor and enhanc...","Open chat actions"
"https://v0.dev/chat/fork-of-artist-portfolio-XolCuCJcNR9","Fork of artist-portfolio...","Open chat actions"
"https://v0.dev/chat/projects/SpCgMEEjLEV","Code improvement","Open project actions"
"https://v0.dev/chat/projects/770Umk2CmWL","Vite refactor and enh...","Open project actions"
"https://v0.dev/chat/projects/tESUAQJrc9v","New Project","Open project actions"
"https://v0.dev/chat/projects/pFARQogIMqh","Design with Inverse V...","Open project actions"
"https://v0.dev/chat/projects/oJuCnPHhC8z","aiftw saas ai chatbot...","Open project actions"
"https://v0.dev/chat/fork-of-aiftw-landing-LwGaywu0jT5","Fork of aiftw-landing","Open chat actions"
"https://v0.dev/chat/merge-chatbot-landing-pages-URTGKbZeilq","Merge chatbot landing pa...","Open chat actions"
"https://v0.dev/chat/fork-of-aiftw-dashboard-JXrbmc2f3r2","Fork of AIFTW Dashboard...","Open chat actions"
"https://v0.dev/chat/chatbot-selection-analysis-B78CpMYI1qV","Chatbot selection analys...","Open chat actions"
"https://v0.dev/chat/fixie-run-fixed-gear-nft-web3-fit-app-WP705N6Qo3i","FixieRun - Fixed Gear NF...","Open chat actions"
"https://v0.dev/chat/code-snippet-trryt9uqWSz","Code snippet","Open chat actions"
"https://v0.dev/chat/frontend-development-plan-n7LmYJoWK8A","Frontend Development Pla...","Open chat actions"